{
  "case_id": "shanxi-taiyuan-2025",
  "province": "shanxi",
  "gender": "男",
  "birth": "1965年10月",
  "work_start": "1984年08月",
  "retire_year": 2025,
  "retire_month": 10,
  "total_years": 41.25,
  "sight_years": 12.9167,
  "personal_account": 96607.26,
  "months": 139,
  "expected": {
    "basic_pension": 2633.36,
    "personal_pension": 695.02,
    "transitional_pension": 857.36,
    "total": 4185.8
  },
  "notes": "山西太原，男1965-10生，1984-08参工，2025-10退休(60岁)。视同12年11月=12.9167年（155个月，1984-08至1997-12）。累计41.25年。双指数：基础平均缴费指数0.7604（指数化月平均工资5514.81855，反推精确值0.760351），过渡平均缴费指数0.704（指数化月平均工资5105.89441，反推精确值0.703969）。个人账户96607.26元，计发月数139。2025年基数7253。基础养老金2633.36=(7253+5514.81855)/2×41.25×1%；个人账户养老金695.02=96607.26/139；过渡性养老金857.36=5105.89441×12.9167×1.3%；晋政发〔2006〕32号计算养老金4185.74元，表上最终合计4185.8元（含封顶补亏额0.06元）。真实表来源：山西省参保人员养老金待遇核定表。",
  "birth_year": 1965,
  "birth_month": 10,
  "work_year": 1984,
  "work_month": 8,
  "avg_index": 0.760351,
  "trans_index": 0.703969,
  "base_number": 7253,
  "actual_years": 28.3333,
  "verified": true
}
