{
  "case_id": "shanxi-taiyuan-2024-female",
  "province": "shanxi",
  "gender": "女",
  "birth": "1974年02月",
  "work_start": "1994年01月",
  "retire_year": 2024,
  "retire_month": 2,
  "total_years": 30.1667,
  "sight_years": 3.5,
  "personal_account": 72059.9,
  "months": 195,
  "expected": {
    "basic_pension": 1726.91,
    "personal_pension": 369.54,
    "transitional_pension": 197.39,
    "total": 2293.9
  },
  "notes": "山西太原，女1974-02生，1994-01参工，2024-02退休(50岁)。视同3.5年=42个月(1994-01至1997-12，按晋政发〔2006〕32号建账前视同口径)。实际缴费320月=26.6667年。累计362月=30.1667年。2024年基数7111，平均缴费指数0.6101，指数化月平均工资4338.13666。基础养老金1726.91=(7111+4338.13666)/2×30.1667×1%；个人账户养老金369.54=72059.9/195；过渡性养老金197.39=4338.13666×3.5×1.3%；合计2293.9元。真实表来源：山西省参保人员养老金待遇核定表，晋政发〔2006〕32号。",
  "birth_year": 1974,
  "birth_month": 2,
  "work_year": 1994,
  "work_month": 1,
  "avg_index": 0.6101,
  "base_number": 7111,
  "actual_years": 26.6667,
  "verified": true
}
