{
  "case_id": "shanxi-taiyuan-2023-female",
  "province": "shanxi",
  "gender": "女",
  "birth": "1973年04月",
  "work_start": "1992年08月",
  "retire_year": 2023,
  "retire_month": 4,
  "total_years": 20.75,
  "sight_years": 4.91667,
  "personal_account": 48083.07,
  "months": 195,
  "expected": {
    "basic_pension": 1172.94,
    "personal_pension": 246.58,
    "transitional_pension": 281.78,
    "total": 1701.3
  },
  "notes": "山西太原，女1973-04生，1992-08参工，2023-04退休(50岁)。视同缴费年限4.91667年(59个月，1992-08至1997-06)。累计缴费年限20.75年。平均缴费指数0.6392(表上显示值)，精确指数0.63919004由指数化工资4408.49343/基数6897反推。个人=48083.07/195=246.58精确。过渡=4408.49343×4.91667×1.3%=281.78。基础=(6897+4408.49343)/2×20.75×1%=1172.94。合计1701.3。2023年基数6897。晋政发〔2006〕32号。",
  "birth_year": 1973,
  "birth_month": 4,
  "work_year": 1992,
  "work_month": 8,
  "avg_index": 0.63919004,
  "base_number": 6897,
  "verified": true
}
