{
  "case_id": "3",
  "province": "sichuan",
  "city": "全省",
  "gender": "男",
  "birth_year": 1965,
  "birth_month": 9,
  "work_year": 1984,
  "work_month": 7,
  "retire_year": 2025,
  "retire_month": 10,
  "retire_type": "normal",
  "account_start": {
    "year": 1996,
    "month": 1
  },
  "pre_account_months": 78,
  "pre_account_years": 6.5,
  "sight_years": 2.66667,
  "actual_years": 22.08333,
  "total_years": 24.75,
  "avg_index": 0.613,
  "base_number": 8321,
  "personal_account": 72117.51,
  "months": 138.4,
  "expected": {
    "basic_pension": 1660.94,
    "personal_pension": 521.08,
    "transitional_pension": 567.07,
    "extra_pension": 126.24,
    "total": 2875.33
  },
  "verified": true,
  "notes": "四川案例3，男，1965-09生，1984-07参工，2025-10退休(60岁1个月延迟退休)。月计发基数8321元，平均缴费指数0.613，指数化月平均工资5100.77元。视同缴费32个月=2.66667年，实际缴费265个月=22.08333年，累计297个月=24.75年。1995年底前未建账缴费78个月=6.5年。个人账户72117.51元，计发月数138.4。基础=(8321+5100.77)/2×24.75×1%=1660.94（表上误印为1560.94，但合计2875.33印证1660.94正确）；个人=72117.51/138.4=521.08；过渡=(8321+5100.77)/2×6.5×1.3%=567.07；增发=5100.77×0.1%×24.75=126.24；合计2875.33元。川劳社发〔2006〕17号。",
  "data_source": "四川省社会保险业务办理结果通知单（企业养老退休待遇核定），川劳社发〔2006〕17号，2025年10月退休",
  "base_prov": 8321
}
