{
  "case_id": "5",
  "province": "sichuan",
  "city": "全省",
  "gender": "男",
  "birth_year": 1960,
  "birth_month": 8,
  "work_year": 1979,
  "work_month": 11,
  "retire_year": 2020,
  "retire_month": 8,
  "retire_type": "normal",
  "account_start": {
    "year": 1996,
    "month": 1
  },
  "pre_account_months": 194,
  "pre_account_years": 16.166667,
  "sight_years": 13.666667,
  "actual_years": 27.166667,
  "total_years": 40.833333,
  "avg_index": 0.7,
  "base_number": 7041,
  "base_prov": 7041,
  "personal_account": 52139.03,
  "months": 139,
  "extra_rate": 0,
  "expected": {
    "basic_pension": 2443.81,
    "personal_pension": 375.1,
    "transitional_pension": 1257.82,
    "extra_pension": 0,
    "total": 4076.73
  },
  "verified": true,
  "notes": "四川案例5，男性60岁正常退休。1979-11参工，建账1996-01。累计缴费490个月=40.8333年；视同缴费164个月=13.6667年；1995-12及以前未建账缴费194个月=16.1667年。个人账户52139.03元，计发月数139。2020-08月计发基数7041；平均缴费指数0.7；指数化月平均缴费工资4928.7元。川劳社发〔2006〕17号新办法：基础=(7041+4928.7)/2×40.8333×1%=2443.81；个人=52139.03/139=375.10；过渡=(7041+4928.7)/2×16.1667×1.3%=1257.82；合计=4076.73。该核定表无增发养老金项，故extra_rate=0。",
  "data_source": "四川省社会保险业务办理结果通知单（2020-08），川劳社发〔2006〕17号"
}
