{
  "case_id": "7",
  "province": "sichuan",
  "city": "全省",
  "gender": "女",
  "birth_year": 1973,
  "birth_month": 8,
  "work_year": 1995,
  "work_month": 9,
  "retire_year": 2023,
  "retire_month": 8,
  "retire_type": "normal",
  "account_start": {
    "year": 1996,
    "month": 1
  },
  "pre_account_months": 4,
  "pre_account_years": 0.33333,
  "sight_years": 0,
  "actual_years": 28,
  "total_years": 28,
  "avg_index": 0.853,
  "base_number": 7822,
  "base_prov": 7822,
  "personal_account": 98437.06,
  "months": 195,
  "extra_rate": 0.001,
  "expected": {
    "basic_pension": 2029.18,
    "personal_pension": 504.81,
    "transitional_pension": 31.09,
    "extra_pension": 186.82,
    "total": 2751.9
  },
  "verified": true,
  "notes": "四川案例7，女，1973-08生，1995-09参工，2023-08退休(50岁)。月计发基数7822元，平均缴费指数0.853，指数化月平均工资6672.17元。无视同缴费，实际缴费336个月=28年，累计336个月=28年。1995年12月31日前未建立个人账户的累计缴费月数4个月=0.33333年。个人账户98437.06元，计发月数195。基础=(7822+6672.17)/2×28×1%=2029.18；个人=98437.06/195=504.81；过渡=(7822+6672.17)/2×0.33333×1.3%=31.09；增发=6672.17×0.1%×28=186.82；合计2751.9元。川劳社发〔2006〕17号。",
  "data_source": "四川省社会保险业务办理结果通知单（2023-08），川劳社发〔2006〕17号"
}
